,Age group (years),% hospitalized,% Case fatality rate
0-9,1,0.188115135,0.01
10-19,2,0.08345021,0.01
20-29,3,0.102015581,0.01
30-39,4,0.112137086,0.01
40-49,5,0.100743982,0.02
50-59,6,0.095895077,0.1
60-69,7,0.139951483,0.34
70-79,8,0.246387154,1.46
80 or above,9,0.618466899,9.19